RegistrationID,Name,Department,Partner,Phone,Email,ImagePath
REG001,Aisha Mohamed,Computer Science,Hassan Omar,256701234567,aisha@example.com,C:\images\id1.jpg
REG002,John Okello,Engineering,Mary Kato,256702345678,john@example.com,C:\images\id2.jpg
REG003,Grace Nanyonga,Business,Paul Lumu,256703456789,grace@example.com,C:\images\id3.jpg
REG004,David Mwanga,Art and Design,Rita Ssemanda,256704567890,david@example.com,C:\images\id4.jpg
REG005,Fatima Ali,Education,Noor Hussein,256705678901,fatima@example.com,C:\images\id5.jpg
